{"cameraMode":{"drawMode":0,"name":"Shaded","section":"Shading Mode"},"sceneLighting":false,"audioPlay":false,"sceneViewState":{"showFog":true,"showMaterialUpdate":false,"showSkybox":false,"showFlares":true,"showImageEffects":true,"showParticleSystems":true},"in2DMode":false,"pivot":{"x":-1.9346885681152344,"y":-3.161107063293457,"z":-3.099212646484375},"rotation":{"x":-0.1686021238565445,"y":-0.16001155972480775,"z":0.027746031060814859,"w":-0.9722288846969605},"size":83.10333251953125,"orthographic":false}