{"cameraMode":{"drawMode":0,"name":"Shaded","section":"Shading Mode"},"sceneLighting":true,"audioPlay":false,"sceneViewState":{"showFog":true,"showMaterialUpdate":false,"showSkybox":false,"showFlares":true,"showImageEffects":true,"showParticleSystems":true},"in2DMode":false,"pivot":{"x":76.98204803466797,"y":34.06405258178711,"z":98.9299087524414},"rotation":{"x":-0.11276762187480927,"y":-0.2166820764541626,"z":0.025216538459062578,"w":-0.9693964719772339},"size":167.8807373046875,"orthographic":false}