{"cameraMode":{"drawMode":0,"name":"Shaded","section":"Shading Mode"},"sceneLighting":true,"audioPlay":false,"sceneViewState":{"showFog":true,"showMaterialUpdate":false,"showSkybox":false,"showFlares":true,"showImageEffects":true,"showParticleSystems":true},"in2DMode":false,"pivot":{"x":-256.3629150390625,"y":1559.4754638671875,"z":-253.9534912109375},"rotation":{"x":-0.19872860610485078,"y":-0.31903308629989626,"z":0.0685926079750061,"w":-0.9241641163825989},"size":4506.20068359375,"orthographic":false}