{"cameraMode":{"drawMode":0,"name":"Shaded","section":"Shading Mode"},"sceneLighting":true,"audioPlay":false,"sceneViewState":{"showFog":true,"showMaterialUpdate":true,"showSkybox":false,"showFlares":true,"showImageEffects":true,"showParticleSystems":true},"in2DMode":false,"pivot":{"x":94.50726318359375,"y":53.584388732910159,"z":133.51614379882813},"rotation":{"x":-0.3041178584098816,"y":-0.5161080956459045,"z":0.2026306390762329,"w":-0.7746672630310059},"size":288.27984619140627,"orthographic":false}