{"cameraMode":{"drawMode":0,"name":"Shaded","section":"Shading Mode"},"sceneLighting":false,"audioPlay":false,"sceneViewState":{"showFog":true,"showMaterialUpdate":true,"showSkybox":false,"showFlares":true,"showImageEffects":true,"showParticleSystems":true},"in2DMode":false,"pivot":{"x":0.2298416942358017,"y":-0.22682538628578187,"z":-0.09916532039642334},"rotation":{"x":0.4496723413467407,"y":0.01795293018221855,"z":-0.009040593169629574,"w":0.8929676413536072},"size":0.22147175669670106,"orthographic":true}