{"cameraMode":{"drawMode":0,"name":"Shaded","section":"Shading Mode"},"sceneLighting":true,"audioPlay":false,"sceneViewState":{"showFog":true,"showMaterialUpdate":true,"showSkybox":false,"showFlares":true,"showImageEffects":true,"showParticleSystems":true},"in2DMode":false,"pivot":{"x":657.4827270507813,"y":-335.46759033203127,"z":189.9659423828125},"rotation":{"x":0.24478130042552949,"y":0.40962812304496767,"z":-0.1150880977511406,"w":0.8712318539619446},"size":748.4237060546875,"orthographic":true}