{"cameraMode":{"drawMode":0,"name":"Shaded","section":"Shading Mode"},"sceneLighting":true,"audioPlay":false,"sceneViewState":{"showFog":true,"showMaterialUpdate":false,"showSkybox":false,"showFlares":true,"showImageEffects":true,"showParticleSystems":true},"in2DMode":false,"pivot":{"x":-22.606735229492189,"y":176.06405639648438,"z":-48.154544830322269},"rotation":{"x":-0.19684895873069764,"y":-0.1255025565624237,"z":0.025415802374482156,"w":-0.9720357060432434},"size":9.106874465942383,"orthographic":false}