{"cameraMode":{"drawMode":0,"name":"Shaded","section":"Shading Mode"},"sceneLighting":true,"audioPlay":false,"sceneViewState":{"showFog":true,"showMaterialUpdate":true,"showSkybox":false,"showFlares":true,"showImageEffects":true,"showParticleSystems":true},"in2DMode":false,"pivot":{"x":0.8004169464111328,"y":64.2919921875,"z":3.2499337196350099},"rotation":{"x":0.4190202057361603,"y":-0.04355544224381447,"z":0.020128458738327028,"w":0.9067085385322571},"size":30.310888290405275,"orthographic":true}