{"cameraMode":{"drawMode":0,"name":"Shaded","section":"Shading Mode"},"sceneLighting":false,"audioPlay":false,"sceneViewState":{"showFog":true,"showMaterialUpdate":false,"showSkybox":false,"showFlares":true,"showImageEffects":true,"showParticleSystems":true},"in2DMode":false,"pivot":{"x":12.810478210449219,"y":1.8813157081604005,"z":-47.41130447387695},"rotation":{"x":-0.19684895873069764,"y":-0.1255025565624237,"z":0.025415802374482156,"w":-0.9720357060432434},"size":1.5781095027923585,"orthographic":false}