{"cameraMode":{"drawMode":0,"name":"Shaded","section":"Shading Mode"},"sceneLighting":true,"audioPlay":false,"sceneViewState":{"showFog":true,"showMaterialUpdate":false,"showSkybox":false,"showFlares":true,"showImageEffects":true,"showParticleSystems":true},"in2DMode":false,"pivot":{"x":12835.15234375,"y":891.609619140625,"z":7797.68408203125},"rotation":{"x":0.23696383833885194,"y":-0.07655784487724304,"z":0.018734056502580644,"w":0.9683197140693665},"size":12698.365234375,"orthographic":true}