{"cameraMode":{"drawMode":0,"name":"Shaded","section":"Shading Mode"},"sceneLighting":true,"audioPlay":false,"sceneViewState":{"showFog":true,"showMaterialUpdate":false,"showSkybox":false,"showFlares":true,"showImageEffects":true,"showParticleSystems":true},"in2DMode":false,"pivot":{"x":-1.504237174987793,"y":1.6040302515029908,"z":5.178138256072998},"rotation":{"x":-0.28429871797561648,"y":-0.38315290212631228,"z":0.1252756118774414,"w":-0.8698897361755371},"size":10.970649719238282,"orthographic":true}