{"cameraMode":{"drawMode":0,"name":"Shaded","section":"Shading Mode"},"sceneLighting":false,"audioPlay":false,"sceneViewState":{"showFog":true,"showMaterialUpdate":false,"showSkybox":false,"showFlares":true,"showImageEffects":true,"showParticleSystems":true},"in2DMode":false,"pivot":{"x":12.0,"y":2.9999923706054689,"z":-60.000003814697269},"rotation":{"x":0.1937330663204193,"y":-0.01824822835624218,"z":0.0036039194092154505,"w":0.9808782935142517},"size":212.1320343017578,"orthographic":true}