{"cameraMode":{"drawMode":0,"name":"Shaded","section":"Shading Mode"},"sceneLighting":false,"audioPlay":false,"sceneViewState":{"showFog":true,"showMaterialUpdate":false,"showSkybox":false,"showFlares":true,"showImageEffects":true,"showParticleSystems":true},"in2DMode":false,"pivot":{"x":45.68212890625,"y":22.1500244140625,"z":-8.7008056640625},"rotation":{"x":-0.1963162124156952,"y":-0.3021335005760193,"z":0.06374954432249069,"w":-0.930670440196991},"size":4661.75390625,"orthographic":true}