{"cameraMode":{"drawMode":0,"name":"Shaded","section":"Shading Mode"},"sceneLighting":true,"audioPlay":false,"sceneViewState":{"showFog":true,"showMaterialUpdate":false,"showSkybox":false,"showFlares":true,"showImageEffects":true,"showParticleSystems":true},"in2DMode":false,"pivot":{"x":118.85587310791016,"y":45.80870056152344,"z":84.82991790771485},"rotation":{"x":0.21311287581920625,"y":0.6783949732780457,"z":-0.21614663302898408,"w":0.6690924763679504},"size":293.4520568847656,"orthographic":true}