{"cameraMode":{"drawMode":0,"name":"Shaded","section":"Shading Mode"},"sceneLighting":true,"audioPlay":false,"sceneViewState":{"showFog":true,"showMaterialUpdate":false,"showSkybox":false,"showFlares":true,"showImageEffects":true,"showParticleSystems":true},"in2DMode":false,"pivot":{"x":0.631072998046875,"y":66.921142578125,"z":1.71484375},"rotation":{"x":-0.0012312004109844566,"y":0.9960999488830566,"z":0.014048349112272263,"w":0.08717603981494904},"size":3.738734245300293,"orthographic":true}