{"cameraMode":{"drawMode":0,"name":"Shaded","section":"Shading Mode"},"sceneLighting":false,"audioPlay":false,"sceneViewState":{"showFog":true,"showMaterialUpdate":false,"showSkybox":false,"showFlares":true,"showImageEffects":true,"showParticleSystems":true},"in2DMode":false,"pivot":{"x":-8.129348754882813,"y":5.1357526779174809,"z":-57.92643737792969},"rotation":{"x":-0.19545947015285493,"y":0.02853206917643547,"z":-0.005689783021807671,"w":-0.9802822470664978},"size":4.260228157043457,"orthographic":false}