{"cameraMode":{"drawMode":0,"name":"Shaded","section":"Shading Mode"},"sceneLighting":true,"audioPlay":false,"sceneViewState":{"showFog":true,"showMaterialUpdate":false,"showSkybox":false,"showFlares":true,"showImageEffects":true,"showParticleSystems":true},"in2DMode":false,"pivot":{"x":-24.93317413330078,"y":106.64671325683594,"z":-21.067588806152345},"rotation":{"x":-0.1863580197095871,"y":-0.3334364891052246,"z":0.06742574274539948,"w":-0.9217269420623779},"size":212.40289306640626,"orthographic":true}