{"cameraMode":{"drawMode":0,"name":"Shaded","section":"Shading Mode"},"sceneLighting":true,"audioPlay":false,"sceneViewState":{"showFog":true,"showMaterialUpdate":false,"showSkybox":false,"showFlares":true,"showImageEffects":true,"showParticleSystems":true},"in2DMode":false,"pivot":{"x":1209.8067626953125,"y":474.82098388671877,"z":455.9045715332031},"rotation":{"x":0.11078308522701264,"y":0.7524228096008301,"z":-0.13110999763011933,"w":0.6359432935714722},"size":1601.756591796875,"orthographic":true}