{"cameraMode":{"drawMode":0,"name":"Shaded","section":"Shading Mode"},"sceneLighting":false,"audioPlay":false,"sceneViewState":{"showFog":true,"showMaterialUpdate":false,"showSkybox":false,"showFlares":true,"showImageEffects":true,"showParticleSystems":true},"in2DMode":false,"pivot":{"x":402.0000305175781,"y":226.0,"z":-0.0000209808349609375},"rotation":{"x":0.028610093519091607,"y":0.9245774745941162,"z":-0.07086825370788574,"w":0.3732545077800751},"size":461.1724548339844,"orthographic":true}