{"cameraMode":{"drawMode":0,"name":"Shaded","section":"Shading Mode"},"sceneLighting":true,"audioPlay":false,"sceneViewState":{"showFog":true,"showMaterialUpdate":false,"showSkybox":true,"showFlares":true,"showImageEffects":true,"showParticleSystems":true},"in2DMode":false,"pivot":{"x":152.2344970703125,"y":9.205217361450196,"z":-25.981861114501954},"rotation":{"x":-0.21033097803592683,"y":-0.28029289841651919,"z":0.06312096863985062,"w":-0.9344795346260071},"size":27.039295196533204,"orthographic":true}