{"cameraMode":{"drawMode":0,"name":"Shaded","section":"Shading Mode"},"sceneLighting":false,"audioPlay":false,"sceneViewState":{"showFog":true,"showMaterialUpdate":false,"showSkybox":false,"showFlares":true,"showImageEffects":true,"showParticleSystems":true},"in2DMode":false,"pivot":{"x":1.2150840759277344,"y":4.858110427856445,"z":-18.288679122924806},"rotation":{"x":-0.02182355336844921,"y":0.08447577804327011,"z":-0.0017960128607228399,"w":-0.9962008595466614},"size":4.758932113647461,"orthographic":true}