{"cameraMode":{"drawMode":0,"name":"Shaded","section":"Shading Mode"},"sceneLighting":false,"audioPlay":false,"sceneViewState":{"showFog":true,"showMaterialUpdate":false,"showSkybox":false,"showFlares":true,"showImageEffects":true,"showParticleSystems":true},"in2DMode":false,"pivot":{"x":-0.024727821350097657,"y":1.1058387756347657,"z":1.2472057342529297},"rotation":{"x":-0.09416051208972931,"y":0.014034024439752102,"z":-0.0013276241952553392,"w":-0.9954581260681152},"size":23.99956512451172,"orthographic":false}