{"cameraMode":{"drawMode":0,"name":"Shaded","section":"Shading Mode"},"sceneLighting":false,"audioPlay":false,"sceneViewState":{"showFog":true,"showMaterialUpdate":false,"showSkybox":false,"showFlares":true,"showImageEffects":true,"showParticleSystems":true},"in2DMode":false,"pivot":{"x":-11.457022666931153,"y":90.71493530273438,"z":22.48887825012207},"rotation":{"x":0.1871088296175003,"y":0.042716845870018008,"z":-0.008144417777657509,"w":0.9813770651817322},"size":38.49863052368164,"orthographic":false}