{"cameraMode":{"drawMode":0,"name":"Shaded","section":"Shading Mode"},"sceneLighting":false,"audioPlay":false,"sceneViewState":{"showFog":true,"showMaterialUpdate":false,"showSkybox":false,"showFlares":true,"showImageEffects":true,"showParticleSystems":true},"in2DMode":false,"pivot":{"x":13.679396629333496,"y":3.6177215576171877,"z":-60.783782958984378},"rotation":{"x":0.10367406159639359,"y":0.46911296248435976,"z":-0.05556588992476463,"w":0.8752757906913757},"size":3.984639883041382,"orthographic":true}