{"cameraMode":{"drawMode":0,"name":"Shaded","section":"Shading Mode"},"sceneLighting":false,"audioPlay":false,"sceneViewState":{"showFog":true,"showMaterialUpdate":false,"showSkybox":false,"showFlares":true,"showImageEffects":true,"showParticleSystems":true},"in2DMode":false,"pivot":{"x":-6.26434326171875,"y":4.469573974609375,"z":-58.76459884643555},"rotation":{"x":0.1929977983236313,"y":0.08729765564203263,"z":-0.01724209636449814,"w":0.9771562814712524},"size":228.76797485351563,"orthographic":true}