{"cameraMode":{"drawMode":0,"name":"Shaded","section":"Shading Mode"},"sceneLighting":true,"audioPlay":false,"sceneViewState":{"showFog":true,"showMaterialUpdate":false,"showSkybox":false,"showFlares":true,"showImageEffects":true,"showParticleSystems":true},"in2DMode":false,"pivot":{"x":-126.42105865478516,"y":-193.5438995361328,"z":-188.59251403808595},"rotation":{"x":0.39450690150260928,"y":0.06167643517255783,"z":-0.026551177725195886,"w":0.9164422154426575},"size":504.44146728515627,"orthographic":true}