{"cameraMode":{"drawMode":0,"name":"Shaded","section":"Shading Mode"},"sceneLighting":true,"audioPlay":false,"sceneViewState":{"showFog":true,"showMaterialUpdate":false,"showSkybox":true,"showFlares":true,"showImageEffects":true,"showParticleSystems":true},"in2DMode":false,"pivot":{"x":10.581855773925782,"y":27.799999237060548,"z":-104.5},"rotation":{"x":-0.2187221348285675,"y":-0.0017469727899879218,"z":0.0004055364115629345,"w":-0.9758057594299316},"size":24.027780532836915,"orthographic":true}