{"cameraMode":{"drawMode":0,"name":"Shaded","section":"Shading Mode"},"sceneLighting":false,"audioPlay":false,"sceneViewState":{"showFog":true,"showMaterialUpdate":false,"showSkybox":false,"showFlares":true,"showImageEffects":true,"showParticleSystems":true},"in2DMode":false,"pivot":{"x":8.356060028076172,"y":3.599726676940918,"z":-65.05120086669922},"rotation":{"x":-0.0636865571141243,"y":0.9276546835899353,"z":-0.18611417710781098,"w":-0.31743746995925906},"size":13.059552192687989,"orthographic":false}