{"cameraMode":{"drawMode":0,"name":"Shaded","section":"Shading Mode"},"sceneLighting":false,"audioPlay":false,"sceneViewState":{"showFog":true,"showMaterialUpdate":true,"showSkybox":false,"showFlares":true,"showImageEffects":true,"showParticleSystems":true},"in2DMode":false,"pivot":{"x":0.0,"y":0.29999998211860659,"z":-0.0299999862909317},"rotation":{"x":0.23516087234020234,"y":0.22076332569122315,"z":-0.054934900254011157,"w":0.9449816346168518},"size":2.6435039043426515,"orthographic":true}