{"cameraMode":{"drawMode":0,"name":"Shaded","section":"Shading Mode"},"sceneLighting":true,"audioPlay":false,"sceneViewState":{"showFog":true,"showMaterialUpdate":true,"showSkybox":true,"showFlares":true,"showImageEffects":true,"showParticleSystems":true},"in2DMode":false,"pivot":{"x":10.581855773925782,"y":34.15999984741211,"z":-93.73999786376953},"rotation":{"x":0.1748274862766266,"y":-0.5494627356529236,"z":0.11883897334337235,"w":0.8083401322364807},"size":14.2210054397583,"orthographic":false}