{"cameraMode":{"drawMode":0,"name":"Shaded","section":"Shading Mode"},"sceneLighting":false,"audioPlay":false,"sceneViewState":{"showFog":true,"showMaterialUpdate":true,"showSkybox":false,"showFlares":true,"showImageEffects":true,"showParticleSystems":true},"in2DMode":false,"pivot":{"x":-3.23944091796875,"y":1.452880859375,"z":-1.08837890625},"rotation":{"x":0.13490480184555055,"y":0.5825275182723999,"z":-0.0987955629825592,"w":0.7954341173171997},"size":4.294391632080078,"orthographic":true}