{"cameraMode":{"drawMode":0,"name":"Shaded","section":"Shading Mode"},"sceneLighting":false,"audioPlay":false,"sceneViewState":{"showFog":true,"showMaterialUpdate":true,"showSkybox":false,"showFlares":true,"showImageEffects":true,"showParticleSystems":true},"in2DMode":false,"pivot":{"x":0.0,"y":0.19999998807907105,"z":-0.09999999403953552},"rotation":{"x":0.15453843772411347,"y":0.054804716259241107,"z":-0.008581253699958325,"w":0.9864479899406433},"size":1.5478371381759644,"orthographic":true}